mintime,lat,lon,alt,velocity,heading,vertrate,nic,nac,icao24
2019-09-11 16:57:08.829,34.8530087228549,-117.808513641357,3802.38,85.4846753866643,250.837550496197,-5.01388613893377,9,1,ae0943
2019-09-11 16:57:09.079,34.8529456657848,-117.80869565011,3801.13668807317,72.3857563433844,247.173690052756,-4.93266394081732,9,1,ae0943
2019-09-11 16:57:09.329,34.8528825343286,-117.808878986903,3799.91364069705,72.8443534276555,247.298764926188,-4.85176973324973,9,1,ae0943
2019-09-11 16:57:09.579,34.8528193366719,-117.809063647011,3798.710775874,73.3002980612437,247.424378388789,-4.77120351623101,9,1,ae0943
2019-09-11 16:57:09.829,34.8527560809667,-117.809249625669,3797.52801160638,73.7535955829765,247.5505199309,-4.69096528976115,9,1,ae0943
2019-09-11 16:57:10.079,34.8526927753302,-117.809436918082,3796.36526589657,74.2042513848328,247.677179016725,-4.61105505384016,9,1,ae0943
2019-09-11 16:57:10.329,34.8526294278438,-117.809625519417,3795.22245674692,74.6522709095217,247.804345084976,-4.53147280846804,9,1,ae0943
2019-09-11 16:57:10.579,34.8525660465516,-117.80981542481,3794.09950215979,75.0976596480535,247.932007549552,-4.45221855364478,9,1,ae0943
2019-09-11 16:57:10.829,34.8525026394598,-117.810006629359,3792.99632013755,75.5404231373009,248.060155800205,-4.37329228937039,9,1,ae0943
2019-09-11 16:57:11.079,34.8524392145351,-117.810199128127,3791.91282868256,75.9805669575532,248.188779203241,-4.29469401564487,9,1,ae0943
2019-09-11 16:57:11.329,34.8523757797039,-117.810392916143,3790.84894579718,76.4180967300641,248.317867102208,-4.21642373246821,9,1,ae0943
2019-09-11 16:57:11.579,34.852312342851,-117.8105879884,3789.80458948378,76.8530181145943,248.447408818618,-4.13848143984042,9,1,ae0943
2019-09-11 16:57:11.829,34.8522489118187,-117.810784339855,3788.77967774472,77.2853368069498,248.577393652659,-4.06086713776149,9,1,ae0943
2019-09-11 16:57:12.079,34.8521854944055,-117.81098196543,3787.77412858235,77.7150585365164,248.707810883932,-3.98358082623143,9,1,ae0943
2019-09-11 16:57:12.329,34.8521220983652,-117.811180860009,3786.78785999905,78.1421890637935,248.838649772191,-3.90662250525024,9,1,ae0943
2019-09-11 16:57:12.579,34.8520587314058,-117.811381018444,3785.82078999718,78.5667341779259,248.969899558097,-3.82999217481791,9,1,ae0943
2019-09-11 16:57:12.829,34.8519954011884,-117.811582435547,3784.8728365791,78.9886996942361,249.101549463984,-3.75368983493445,9,1,ae0943
2019-09-11 16:57:13.079,34.851932115326,-117.811785106097,3783.94391774717,79.4080914517582,249.233588694625,-3.67771548559986,9,1,ae0943
2019-09-11 16:57:13.329,34.8518688813831,-117.811989024836,3783.03395150375,79.8249153107736,249.366006438024,-3.60206912681413,9,1,ae0943
2019-09-11 16:57:13.579,34.8518057068738,-117.812194186468,3782.14285585122,80.2391771503513,249.498791866205,-3.52675075857727,9,1,ae0943
2019-09-11 16:57:13.829,34.8517425992615,-117.812400585664,3781.27054879192,80.6508828658913,249.631934136018,-3.45176038088928,9,1,ae0943
2019-09-11 16:57:14.079,34.8516795659575,-117.812608217058,3780.41694832823,81.0600383666756,249.765422389952,-3.37709799375015,9,1,ae0943
2019-09-11 16:57:14.329,34.8516166143203,-117.812817075247,3779.5819724625,81.4666495734249,249.899245756957,-3.30276359715989,9,1,ae0943
2019-09-11 16:57:14.579,34.8515537516544,-117.813027154791,3778.7655391971,81.8707224158639,250.03339335328,-3.22875719111849,9,1,ae0943
2019-09-11 16:57:14.829,34.8514909852094,-117.813238450218,3777.96756653439,82.2722628302951,250.167854283305,-3.15507877562596,9,1,ae0943
2019-09-11 16:57:15.079,34.8514283221792,-117.813450956016,3777.18797247674,82.6712767571841,250.302617640404,-3.0817283506823,9,1,ae0943
2019-09-11 16:57:15.329,34.8513657697007,-117.81366466664,3776.42667502651,83.0677701387554,250.437672507801,-3.0087059162875,9,1,ae0943
2019-09-11 16:57:15.579,34.8513033348535,-117.813879576507,3775.68359218605,83.4617489166007,250.573007959436,-2.93601147244157,9,1,ae0943
2019-09-11 16:57:15.829,34.8512410246582,-117.81409568,3774.95864195774,83.8532190293016,250.708613060849,-2.86364501914451,9,1,ae0943
2019-09-11 16:57:16.079,34.8511788460763,-117.814312971466,3774.25174234393,84.2421864100662,250.844476870064,-2.79160655639631,9,1,ae0943
2019-09-11 16:57:16.329,34.8511168060085,-117.814531445216,3773.562811347,84.6286569843819,250.980588438483,-2.71989608419698,9,1,ae0943
2019-09-11 16:57:16.579,34.8510549112947,-117.814751095526,3772.89176696929,85.0126366676857,251.11693681179,-2.64851360254652,9,1,ae0943
2019-09-11 16:57:16.829,34.8509931687124,-117.814971916639,3772.23852721318,85.3941313630512,251.253511030863,-2.57745911144492,9,1,ae0943
2019-09-11 16:57:17.079,34.8509315849762,-117.81519390276,3771.60301008102,85.773146958896,251.390300132692,-2.50673261089219,9,1,ae0943
2019-09-11 16:57:17.329,34.850870166737,-117.81541704806,3770.98513357519,86.1496893267082,251.527293151305,-2.43633410088832,9,1,ae0943
2019-09-11 16:57:17.579,34.850808920581,-117.815641346678,3770.38481569803,86.5237643187953,251.664479118702,-2.36626358143332,9,1,ae0943
2019-09-11 16:57:17.829,34.8507478530291,-117.815866792714,3769.80197445192,86.895377766054,251.801847065792,-2.29652105252719,9,1,ae0943
2019-09-11 16:57:18.079,34.8506869705358,-117.816093380239,3769.23652783922,87.2645354757641,251.939386023347,-2.22710651416992,9,1,ae0943
2019-09-11 16:57:18.329,34.8506262794888,-117.816321103286,3768.68839386229,87.6312432294065,252.077085022948,-2.15801996636152,9,1,ae0943
2019-09-11 16:57:18.579,34.850565786208,-117.816549955856,3768.1574905235,87.9955067805064,252.214933097948,-2.08926140910199,9,1,ae0943
2019-09-11 16:57:18.829,34.8505054969448,-117.816779931918,3767.6437358252,88.3573318525028,252.352919284439,-2.02083084239132,9,1,ae0943
2019-09-11 16:57:19.079,34.8504454178812,-117.817011025404,3767.14704776976,88.7167241366453,252.491032622221,-1.95272826622952,9,1,ae0943
2019-09-11 16:57:19.329,34.8503855551296,-117.817243230218,3766.66734435954,89.0736892899187,252.62926215578,-1.88495368061658,9,1,ae0943
2019-09-11 16:57:19.579,34.8503259147313,-117.817476540227,3766.2045435969,89.4282329329974,252.767596935269,-1.81750708555251,9,1,ae0943
2019-09-11 16:57:19.829,34.8502665026566,-117.817710949267,3765.75856348421,89.7803606482293,252.906026017496,-1.75038848103731,9,1,ae0943
2019-09-11 16:57:20.079,34.8502073248035,-117.817946451144,3765.32932202384,90.1300779776508,253.044538466913,-1.68359786707097,9,1,ae0943
2019-09-11 16:57:20.329,34.8501483869975,-117.81818303963,3764.91673721813,90.4773904210334,253.183123356613,-1.6171352436535,9,1,ae0943
2019-09-11 16:57:20.579,34.8500896949905,-117.818420708467,3764.52072706946,90.8223034339635,253.321769769331,-1.5510006107849,9,1,ae0943
2019-09-11 16:57:20.829,34.8500312544606,-117.818659451364,3764.14120958019,91.1648224259551,253.460466798444,-1.48519396846516,9,1,ae0943
2019-09-11 16:57:21.079,34.8499730710112,-117.818899262001,3763.77810275269,91.5049527585972,253.599203548979,-1.41971531669429,9,1,ae0943
2019-09-11 16:57:21.329,34.8499151501705,-117.819140134028,3763.4313245893,91.8426997437362,253.737969138622,-1.35456465547229,9,1,ae0943
2019-09-11 16:57:21.579,34.8498574973907,-117.819382061062,3763.1007930924,92.1780686416946,253.876752698731,-1.28974198479915,9,1,ae0943
2019-09-11 16:57:21.829,34.849800118048,-117.819625036694,3762.78642626436,92.5110646595251,254.015543375351,-1.22524730467488,9,1,ae0943
2019-09-11 16:57:22.079,34.8497430174413,-117.819869054484,3762.48814210752,92.841692949304,254.154330330228,-1.16108061509947,9,1,ae0943
2019-09-11 16:57:22.329,34.8496862007922,-117.820114107963,3762.20585862426,93.169958606461,254.293102741831,-1.09724191607293,9,1,ae0943
2019-09-11 16:57:22.579,34.849629673244,-117.820360190633,3761.93949381694,93.4958666681484,254.43184980637,-1.03373120759526,9,1,ae0943
2019-09-11 16:57:22.829,34.8495734398618,-117.820607295968,3761.68896568792,93.8194221116502,254.570560738818,-0.97054848966645,9,1,ae0943
2019-09-11 16:57:23.079,34.8495175056315,-117.820855417416,3761.45419223956,94.1406298528305,254.709224773933,-0.90769376228651,9,1,ae0943
2019-09-11 16:57:23.329,34.8494618754593,-117.821104548396,3761.23509147423,94.4594947446226,254.847831167277,-0.845167025455436,9,1,ae0943
2019-09-11 16:57:23.579,34.8494065541717,-117.8213546823,3761.03158139429,94.7760215755598,254.986369196246,-0.782968279173228,9,1,ae0943
2019-09-11 16:57:23.829,34.8493515465144,-117.821605812493,3760.8435800021,95.090215068348,255.124828161085,-0.721097523439886,9,1,ae0943
2019-09-11 16:57:24.079,34.8492968571527,-117.821857932316,3760.67100530002,95.4020798784797,255.263197385913,-0.659554758255411,9,1,ae0943
2019-09-11 16:57:24.329,34.84924249067,-117.822111035083,3760.51377529042,95.711620592892,255.401466219747,-0.598339983619803,9,1,ae0943
2019-09-11 16:57:24.579,34.8491884515685,-117.822365114083,3760.37180797566,96.0188417286669,255.539624037514,-0.53745319953306,9,1,ae0943
2019-09-11 16:57:24.829,34.8491347442679,-117.82262016258,3760.24502135811,96.3237477317761,255.67766024108,-0.476894405995184,9,1,ae0943
2019-09-11 16:57:25.079,34.8490813731056,-117.822876173812,3760.13333344012,96.6263429758692,255.815564260258,-0.416663603006175,9,1,ae0943
2019-09-11 16:57:25.329,34.8490283423361,-117.823133140998,3760.03666222406,96.9266317611066,255.953325553827,-0.356760790566031,9,1,ae0943
2019-09-11 16:57:25.579,34.8489756561308,-117.823391057328,3759.95492571229,97.2246183130379,256.090933610541,-0.297185968674754,9,1,ae0943
2019-09-11 16:57:25.829,34.8489233185774,-117.823649915973,3759.88804190718,97.5203067815244,256.228377950144,-0.237939137332343,9,1,ae0943
2019-09-11 16:57:26.079,34.84887133368,-117.823909710079,3759.83592881108,97.8137012397079,256.365648124369,-0.179020296538798,9,1,ae0943
2019-09-11 16:57:26.329,34.8488197053582,-117.824170432771,3759.79850442636,98.104805683025,256.502733717947,-0.12042944629412,9,1,ae0943
2019-09-11 16:57:26.579,34.8487684374477,-117.824432077153,3759.77568675539,98.3936240282674,256.639624349603,-0.0621665865983081,9,1,ae0943
2019-09-11 16:57:26.829,34.848717533699,-117.824694636308,3759.76739380052,98.6801601126877,256.77630967305,-0.00423171745136308,9,1,ae0943
2019-09-11 16:57:27.079,34.8486669977781,-117.824958103296,3759.77354356412,98.9644176931534,256.912779377984,0.0533751611467164,9,1,ae0943
2019-09-11 16:57:27.329,34.8486168332656,-117.82522247116,3759.79405404855,99.2464004453451,257.049023191065,0.110654049195929,9,1,ae0943
2019-09-11 16:57:27.579,34.8485670436567,-117.825487732922,3759.82884325617,99.5261119630036,257.185030876903,0.167604946696276,9,1,ae0943
2019-09-11 16:57:27.829,34.8485176323612,-117.825753881584,3759.87782918935,99.8035557572212,257.32079223903,0.224227853647756,9,1,ae0943
2019-09-11 16:57:28.079,34.848468602703,-117.826020910131,3759.94092985045,100.078735255783,257.456297120872,0.280522770050371,9,1,ae0943
2019-09-11 16:57:28.329,34.8484199579201,-117.826288811529,3760.01806324183,100.351653802551,257.591535406714,0.336489695904117,9,1,ae0943
2019-09-11 16:57:28.579,34.8483717011645,-117.826557578727,3760.10914736585,100.622314656901,257.726497022655,0.392128631208998,9,1,ae0943
2019-09-11 16:57:28.829,34.8483238355017,-117.826827204655,3760.21410022489,100.890720993197,257.861171937567,0.447439575965014,9,1,ae0943
2019-09-11 16:57:29.079,34.8482763639111,-117.827097682228,3760.33283982129,101.156875900325,257.995550164029,0.502422530172162,9,1,ae0943
2019-09-11 16:57:29.329,34.8482292892856,-117.827369004345,3760.46528415743,101.420782381259,258.129621759278,0.557077493830445,9,1,ae0943
2019-09-11 16:57:29.579,34.8481826144315,-117.827641163888,3760.61135123566,101.682443352687,258.263376826129,0.61140446693986,9,1,ae0943
2019-09-11 16:57:29.829,34.8481363420684,-117.827914153726,3760.77095905835,101.941861644675,258.396805513905,0.665403449500411,9,1,ae0943
2019-09-11 16:57:30.079,34.8480904748294,-117.82818796671,3760.94402562786,102.199040000381,258.529898019349,0.719074441512094,9,1,ae0943
2019-09-11 16:57:30.329,34.8480450152606,-117.82846259568,3761.13046894656,102.45398107581,258.662644587534,0.772417442974911,9,1,ae0943
2019-09-11 16:57:30.579,34.8479999658215,-117.828738033461,3761.33020701681,102.706687439625,258.795035512762,0.825432453888861,9,1,ae0943
2019-09-11 16:57:30.829,34.8479553288849,-117.829014272864,3761.54315784096,102.957161572991,258.927061139451,0.878119474253945,9,1,ae0943
2019-09-11 16:57:31.079,34.8479111067366,-117.829291306689,3761.76923942139,103.205405869476,259.058711863022,0.930478504070162,9,1,ae0943
2019-09-11 16:57:31.329,34.8478673015757,-117.829569127723,3762.00836976045,103.451422634988,259.189978130771,0.982509543337515,9,1,ae0943
2019-09-11 16:57:31.579,34.8478239155147,-117.829847728741,3762.26046686051,103.695214087762,259.32085044273,1.034212592056,9,1,ae0943
2019-09-11 16:57:31.829,34.8477809505792,-117.830127102507,3762.52544872393,103.93678235839,259.451319352521,1.08558765022562,9,1,ae0943
2019-09-11 16:57:32.079,34.8477384087083,-117.830407241775,3762.80323335308,104.176129489893,259.581375468207,1.13663471784637,9,1,ae0943
2019-09-11 16:57:32.329,34.8476962917545,-117.830688139288,3763.09373875031,104.413257437843,259.711009453118,1.18735379491826,9,1,ae0943
2019-09-11 16:57:32.579,34.8476546014838,-117.830969787779,3763.39688291799,104.648168070517,259.840212026684,1.23774488144128,9,1,ae0943
2019-09-11 16:57:32.829,34.847613339576,-117.831252179974,3763.71258385848,104.880863169105,259.968973965243,1.28780797741543,9,1,ae0943
2019-09-11 16:57:33.079,34.8475725076244,-117.831535308586,3764.04075957415,105.111344427955,260.097286102848,1.33754308284072,9,1,ae0943
2019-09-11 16:57:33.329,34.8475321071364,-117.831819166325,3764.38132806736,105.33961345486,260.225139332061,1.38695019771714,9,1,ae0943
2019-09-11 16:57:33.579,34.8474921395333,-117.832103745888,3764.73420734047,105.565671771384,260.352524604736,1.4360293220447,9,1,ae0943
2019-09-11 16:57:33.829,34.8474526061508,-117.83238903997,3765.09931539584,105.789520813238,260.479432932788,1.48478045582338,9,1,ae0943
2019-09-11 16:57:34.079,34.8474135082387,-117.832675041254,3765.47657023583,106.011161930682,260.605855388955,1.53320359905321,9,1,ae0943
2019-09-11 16:57:34.329,34.8473748469617,-117.83296174242,3765.86588986282,106.230596388978,260.731783107551,1.58129875173416,9,1,ae0943
2019-09-11 16:57:34.579,34.847336623399,-117.833249136141,3766.26719227915,106.447825368879,260.8572072852,1.62906591386625,9,1,ae0943
2019-09-11 16:57:34.829,34.847298838545,-117.833537215085,3766.6803954872,106.662849967153,260.982119181561,1.67650508544947,9,1,ae0943
2019-09-11 16:57:35.079,34.8472614933091,-117.833825971915,3767.10541748933,106.875671197151,261.106510120051,1.72361626648383,9,1,ae0943
2019-09-11 16:57:35.329,34.8472245885165,-117.834115399288,3767.5421762879,107.086289989402,261.230371488539,1.77039945696932,9,1,ae0943
2019-09-11 16:57:35.579,34.8471881249079,-117.834405489861,3767.99058988527,107.29470719226,261.353694740043,1.81685465690594,9,1,ae0943
2019-09-11 16:57:35.829,34.8471521031402,-117.834696236282,3768.45057628381,107.500923572569,261.47647139341,1.8629818662937,9,1,ae0943
2019-09-11 16:57:36.079,34.8471165237864,-117.8349876312,3768.92205348587,107.704939816378,261.598693033978,1.90878108513259,9,1,ae0943
2019-09-11 16:57:36.329,34.8470813873364,-117.835279667259,3769.40493949383,107.90675652968,261.720351314239,1.95425231342262,9,1,ae0943
2019-09-11 16:57:36.579,34.8470466941967,-117.835572337102,3769.89915231004,108.106374239191,261.841437954475,1.99939555116378,9,1,ae0943
2019-09-11 16:57:36.829,34.8470124446914,-117.83586563337,3770.40460993686,108.30379339316,261.961944743393,2.04421079835607,9,1,ae0943
2019-09-11 16:57:37.079,34.8469786390618,-117.836159548701,3770.92123037667,108.499014362208,262.081863538743,2.0886980549995,9,1,ae0943
2019-09-11 16:57:37.329,34.8469452774677,-117.836454075735,3771.44893163182,108.692037440207,262.201186267923,2.13285732109406,9,1,ae0943
2019-09-11 16:57:37.579,34.8469123599867,-117.836749207108,3771.98763170467,108.882862845176,262.319904928575,2.17668859663975,9,1,ae0943
2019-09-11 16:57:37.829,34.8468798866153,-117.837044935459,3772.53724859759,109.071490720221,262.438011589163,2.22019188163658,9,1,ae0943
2019-09-11 16:57:38.079,34.8468478572694,-117.837341253425,3773.09770031294,109.257921134494,262.555498389544,2.26336717608454,9,1,ae0943
2019-09-11 16:57:38.329,34.8468162717839,-117.837638153644,3773.66890485309,109.442154084185,262.672357541524,2.30621447998363,9,1,ae0943
2019-09-11 16:57:38.579,34.8467851299139,-117.837935628756,3774.25078022039,109.624189493543,262.7885813294,2.34873379333386,9,1,ae0943
2019-09-11 16:57:38.829,34.8467544313349,-117.838233671401,3774.84324441721,109.804027215914,262.904162110493,2.39092511613522,9,1,ae0943
2019-09-11 16:57:39.079,34.846724175643,-117.838532274223,3775.44621544591,109.981667034818,263.019092315668,2.43278844838772,9,1,ae0943
2019-09-11 16:57:39.329,34.8466943623558,-117.838831429865,3776.05961130886,110.157108665041,263.133364449834,2.47432379009135,9,1,ae0943
2019-09-11 16:57:39.579,34.8466649909125,-117.839131130975,3776.68335000841,110.330351753756,263.246971092444,2.51553114124611,9,1,ae0943
2019-09-11 16:57:39.829,34.8466360606744,-117.839431370203,3777.31734954694,110.501395881664,263.359904897972,2.55641050185201,9,1,ae0943
2019-09-11 16:57:40.079,34.8466075709257,-117.839732140202,3777.96152792679,110.670240564161,263.472158596382,2.59696187190904,9,1,ae0943
2019-09-11 16:57:40.329,34.8465795208736,-117.84003343363,3778.61580315034,110.83688525252,263.583724993586,2.6371852514172,9,1,ae0943
2019-09-11 16:57:40.579,34.846551909649,-117.840335243147,3779.28009321995,111.001329335105,263.694596971883,2.6770806403765,9,1,ae0943
2019-09-11 16:57:40.829,34.8465247363072,-117.840637561418,3779.95431613799,111.16357213859,263.804767490395,2.71664803878693,9,1,ae0943
2019-09-11 16:57:41.079,34.8464979998282,-117.840940381113,3780.6383899068,111.323612929209,263.914229585482,2.75588744664849,9,1,ae0943
2019-09-11 16:57:41.329,34.8464716991171,-117.841243694906,3781.33223252876,111.481450914021,264.022976371151,2.79479886396119,9,1,ae0943
2019-09-11 16:57:41.579,34.8464458330051,-117.841547495478,3782.03576200624,111.637085242183,264.131001039446,2.83338229072502,9,1,ae0943
2019-09-11 16:57:41.829,34.8464204002498,-117.841851775513,3782.74889634158,111.790515006255,264.238296860836,2.87163772693999,9,1,ae0943
2019-09-11 16:57:42.079,34.8463953995358,-117.842156527703,3783.47155353716,111.941739243508,264.344857184578,2.90956517260609,9,1,ae0943
2019-09-11 16:57:42.329,34.846370829475,-117.842461744745,3784.20365159534,112.090756937251,264.450675439081,2.94716462772332,9,1,ae0943
2019-09-11 16:57:42.579,34.8463466886079,-117.842767419343,3784.94510851848,112.23756701817,264.555745132248,2.98443609229169,9,1,ae0943
2019-09-11 16:57:42.829,34.8463229754036,-117.843073544207,3785.69584230894,112.382168365683,264.660059851811,3.02137956631119,9,1,ae0943
2019-09-11 16:57:43.079,34.8462996882605,-117.843380112054,3786.45577096909,112.524559809302,264.763613265653,3.05799504978183,9,1,ae0943
2019-09-11 16:57:43.329,34.8462768255073,-117.843687115608,3787.22481250128,112.664740130012,264.86639912212,3.09428254270359,9,1,ae0943
2019-09-11 16:57:43.579,34.8462543854032,-117.843994547603,3788.00288490789,112.802708061652,264.968411250317,3.1302420450765,9,1,ae0943
2019-09-11 16:57:43.829,34.8462323661388,-117.844302400777,3788.78990619128,112.938462292314,265.0696435604,3.16587355690053,9,1,ae0943
2019-09-11 16:57:44.079,34.8462107658364,-117.844610667878,3789.5857943538,113.072001465743,265.170090043846,3.2011770781757,9,1,ae0943
2019-09-11 16:57:44.329,34.8461895825514,-117.844919341662,3790.39046739782,113.203324182748,265.269744773726,3.236152608902,9,1,ae0943
2019-09-11 16:57:44.579,34.8461688142721,-117.845228414892,3791.2038433257,113.332429002624,265.368601904952,3.27080014907944,9,1,ae0943
2019-09-11 16:57:44.829,34.846148458921,-117.845537880343,3792.02584013981,113.459314444567,265.466655674521,3.30511969870801,9,1,ae0943
2019-09-11 16:57:45.079,34.8461285143552,-117.845847730795,3792.85637584251,113.583978989108,265.563900401753,3.33911125778771,9,1,ae0943
2019-09-11 16:57:45.329,34.8461089783672,-117.846157959038,3793.69536843616,113.706421079544,265.660330488504,3.37277482631855,9,1,ae0943
2019-09-11 16:57:45.579,34.8460898486855,-117.846468557874,3794.54273592312,113.826639123371,265.755940419383,3.40611040430052,9,1,ae0943
2019-09-11 16:57:45.829,34.8460711229756,-117.846779520111,3795.39839630577,113.944631493726,265.850724761948,3.43911799173362,9,1,ae0943
2019-09-11 16:57:46.079,34.8460527988403,-117.847090838568,3796.26226758645,114.060396530823,265.944678166901,3.47179758861786,9,1,ae0943
2019-09-11 16:57:46.329,34.8460348738207,-117.847402506073,3797.13426776753,114.173932543394,266.037795368262,3.50414919495324,9,1,ae0943
2019-09-11 16:57:46.579,34.8460173453969,-117.847714515466,3798.01431485138,114.285237810132,266.130071183544,3.53617281073974,9,1,ae0943
2019-09-11 16:57:46.829,34.8460002109887,-117.848026859594,3798.90232684035,114.394310581128,266.22150051391,3.56786843597738,9,1,ae0943
2019-09-11 16:57:47.079,34.8459834679565,-117.848339531317,3799.79822173682,114.501149079311,266.312078344325,3.59923607066616,9,1,ae0943
2019-09-11 16:57:47.329,34.8459671136019,-117.848652523503,3800.70191754314,114.605751501883,266.401799743696,3.63027571480606,9,1,ae0943
2019-09-11 16:57:47.579,34.8459511451682,-117.848965829033,3801.61333226168,114.708116021752,266.490659865002,3.6609873683971,9,1,ae0943
2019-09-11 16:57:47.829,34.845935559842,-117.849279440796,3802.53238389479,114.808240788962,266.57865394542,3.69137103143928,9,1,ae0943
2019-09-11 16:57:48.079,34.845920354753,-117.849593351693,3803.45899044485,114.906123932118,266.665777306434,3.72142670393258,9,1,ae0943
2019-09-11 16:57:48.329,34.8459055269755,-117.849907554636,3804.39306991421,115.001763559804,266.752025353942,3.75115438587703,9,1,ae0943
2019-09-11 16:57:48.579,34.8458910735289,-117.850222042548,3805.33454030524,115.095157761998,266.837393578348,3.7805540772726,9,1,ae0943
2019-09-11 16:57:48.829,34.8458769913785,-117.850536808362,3806.2833196203,115.186304611478,266.921877554655,3.80962577811931,9,1,ae0943
2019-09-11 16:57:49.079,34.8458632774362,-117.850851845024,3807.23932586176,115.275202165222,267.005472942536,3.83836948841715,9,1,ae0943
2019-09-11 16:57:49.329,34.8458499285618,-117.851167145488,3808.20247703197,115.3618484658,267.088175486411,3.86678520816613,9,1,ae0943
2019-09-11 16:57:49.579,34.8458369415631,-117.851482702723,3809.17269113329,115.446241542755,267.169981015502,3.89487293736624,9,1,ae0943
2019-09-11 16:57:49.829,34.8458243131974,-117.851798509707,3810.1498861681,115.528379413978,267.250885443896,3.92263267601748,9,1,ae0943
2019-09-11 16:57:50.079,34.8458120401717,-117.85211455943,3811.13398013876,115.608260087072,267.330884770582,3.95006442411986,9,1,ae0943
2019-09-11 16:57:50.329,34.8458001191442,-117.852430844892,3812.12489104762,115.685881560702,267.409975079497,3.97716818167337,9,1,ae0943
2019-09-11 16:57:50.579,34.8457885467245,-117.852747359107,3813.12253689705,115.761241825941,267.488152539556,4.00394394867801,9,1,ae0943
2019-09-11 16:57:50.829,34.8457773194749,-117.853064095099,3814.12683568941,115.834338867595,267.565413404671,4.03039172513379,9,1,ae0943
2019-09-11 16:57:51.079,34.845766433911,-117.853381045903,3815.13770542707,115.905170665523,267.641754013777,4.0565115110407,9,1,ae0943
2019-09-11 16:57:51.329,34.8457558865026,-117.853698204568,3816.15506411239,115.973735195942,267.717170790835,4.08230330639875,9,1,ae0943
2019-09-11 16:57:51.579,34.8457456736748,-117.854015564151,3817.17882974772,116.040030432712,267.791660244838,4.10776711120793,9,1,ae0943
2019-09-11 16:57:51.829,34.8457357918085,-117.854333117722,3818.20892033544,116.104054348622,267.86521896981,4.13290292546824,9,1,ae0943
2019-09-11 16:57:52.079,34.8457262372413,-117.854650858365,3819.24525387791,116.165804916642,267.937843644794,4.15771074917969,9,1,ae0943
2019-09-11 16:57:52.329,34.8457170062687,-117.854968779171,3820.28774837749,116.225280111176,268.009531033835,4.18219058234227,9,1,ae0943
2019-09-11 16:57:52.579,34.8457080951448,-117.855286873247,3821.33632183654,116.28247790929,268.080277985964,4.20634242495598,9,1,ae0943
2019-09-11 16:57:52.829,34.8456995000828,-117.855605133707,3822.39089225742,116.337396291925,268.150081435164,4.23016627702083,9,1,ae0943
2019-09-11 16:57:53.079,34.8456912172567,-117.855923553681,3823.4513776425,116.3900332451,268.218938400342,4.25366213853681,9,1,ae0943
2019-09-11 16:57:53.329,34.8456832428014,-117.856242126308,3824.51769599414,116.440386761085,268.286845985284,4.27683000950393,9,1,ae0943
2019-09-11 16:57:53.579,34.8456755728139,-117.856560844737,3825.58976531471,116.488454839572,268.353801378618,4.29966988992217,9,1,ae0943
2019-09-11 16:57:53.829,34.8456682033543,-117.856879702131,3826.66750360656,116.534235488813,268.419801853758,4.32218177979156,9,1,ae0943
2019-09-11 16:57:54.079,34.8456611304466,-117.857198691663,3827.75082887206,116.577726726749,268.484844768855,4.34436567911207,9,1,ae0943
2019-09-11 16:57:54.329,34.8456543500795,-117.857517806518,3828.83965911357,116.618926582119,268.548927566731,4.36622158788372,9,1,ae0943
2019-09-11 16:57:54.579,34.8456478582074,-117.857837039891,3829.93391233345,116.657833095543,268.612047774819,4.3877495061065,9,1,ae0943
2019-09-11 16:57:54.829,34.8456416507514,-117.858156384989,3831.03350653408,116.694444320594,268.674203005096,4.40894943378042,9,1,ae0943
2019-09-11 16:57:55.079,34.8456357236,-117.85847583503,3832.1383597178,116.728758324846,268.735390954002,4.42982137090547,9,1,ae0943
2019-09-11 16:57:55.329,34.8456300726102,-117.858795383242,3833.24838988698,116.760773190897,268.79560940237,4.45036531748166,9,1,ae0943
2019-09-11 16:57:55.579,34.8456246936081,-117.859115022864,3834.36351504399,116.790487017382,268.854856215339,4.47058127350897,9,1,ae0943
2019-09-11 16:57:55.829,34.8456195823902,-117.859434747147,3835.48365319119,116.817897919951,268.91312934227,4.49046923898743,9,1,ae0943
2019-09-11 16:57:56.079,34.8456147347242,-117.859754549352,3836.60872233094,116.843004032242,268.970426816655,4.51002921391701,9,1,ae0943
2019-09-11 16:57:56.329,34.8456101463498,-117.860074422749,3837.73864046561,116.865803506811,269.026746756025,4.52926119829773,9,1,ae0943
2019-09-11 16:57:56.579,34.8456058129796,-117.86039436062,3838.87332559755,116.886294516064,269.082087361849,4.54816519212958,9,1,ae0943
2019-09-11 16:57:56.829,34.8456017303003,-117.860714356259,3840.01269572912,116.904475253146,269.136446919438,4.56674119541257,9,1,ae0943
2019-09-11 16:57:57.079,34.8455978939732,-117.861034402965,3841.15666886271,116.920343932818,269.189823797837,4.58498920814669,9,1,ae0943
2019-09-11 16:57:57.329,34.8455942996355,-117.861354494053,3842.30516300065,116.933898792312,269.242216449717,4.60290923033194,9,1,ae0943
2019-09-11 16:57:57.579,34.845590942901,-117.861674622844,3843.45809614533,116.945138092155,269.29362341127,4.62050126196833,9,1,ae0943
2019-09-11 16:57:57.829,34.8455878193612,-117.861994782669,3844.61538629909,116.954060116976,269.344043302087,4.63776530305585,9,1,ae0943
2019-09-11 16:57:58.079,34.845584924586,-117.862314966871,3845.77695146431,116.960663176288,269.393474825048,4.65470135359451,9,1,ae0943
2019-09-11 16:57:58.329,34.8455822541248,-117.8626351688,3846.94270964334,116.964945605247,269.441916766199,4.67130941358429,9,1,ae0943
2019-09-11 16:57:58.579,34.8455798035075,-117.862955381818,3848.11257883855,116.966905765382,269.489367994634,4.68758948302522,9,1,ae0943
2019-09-11 16:57:58.829,34.8455775682451,-117.863275599293,3849.28647705231,116.966542045308,269.535827462366,4.70354156191727,9,1,ae0943
2019-09-11 16:57:59.079,34.8455755438311,-117.863595814604,3850.46432228697,116.963852861409,269.581294204202,4.71916565026046,9,1,ae0943
2019-09-11 16:57:59.329,34.8455737257419,-117.863916021139,3851.64603254489,116.958836658503,269.625767337614,4.73446174805479,9,1,ae0943
2019-09-11 16:57:59.579,34.8455721094382,-117.864236212295,3852.83152582845,116.951491910469,269.669246062608,4.74942985530024,9,1,ae0943
2019-09-11 16:57:59.829,34.8455706903657,-117.864556381475,3854.02072014,116.941817120869,269.711729661589,4.76406997199683,9,1,ae0943
2019-09-11 16:58:00.079,34.8455694639559,-117.864876522093,3855.2135334819,116.929810823528,269.753217499226,4.77838209814456,9,1,ae0943
2019-09-11 16:58:00.329,34.8455684256275,-117.865196627571,3856.40988385652,116.915471583095,269.793709022315,4.79236623374342,9,1,ae0943
2019-09-11 16:58:00.579,34.8455675707867,-117.865516691338,3857.60968926623,116.898797995582,269.833203759637,4.80602237879341,9,1,ae0943
2019-09-11 16:58:00.829,34.8455668948287,-117.865836706832,3858.81286771337,116.879788688875,269.871701321821,4.81935053329453,9,1,ae0943
2019-09-11 16:58:01.079,34.8455663931382,-117.866156667497,3860.01933720033,116.858442323218,269.909201401196,4.83235069724679,9,1,ae0943
2019-09-11 16:58:01.329,34.8455660610907,-117.866476566786,3861.22901572945,116.834757591676,269.94570377165,4.84502287065018,9,1,ae0943
2019-09-11 16:58:01.579,34.845565894053,-117.866796398159,3862.44182130311,116.808733220568,269.981208288482,4.85736705350471,9,1,ae0943
2019-09-11 16:58:01.829,34.8455658873845,-117.867116155083,3863.65767192366,116.780367969877,270.015714888256,4.86938324581037,9,1,ae0943
2019-09-11 16:58:02.079,34.8455660364381,-117.867435831032,3864.87648559347,116.749660633638,270.04922358865,4.88107144756716,9,1,ae0943
2019-09-11 16:58:02.329,34.8455663365607,-117.867755419486,3866.0981803149,116.716610040293,270.081734488307,4.89243165877509,9,1,ae0943
2019-09-11 16:58:02.579,34.8455667830948,-117.868074913933,3867.32267409031,116.681215053028,270.11324776668,4.90346387943415,9,1,ae0943
2019-09-11 16:58:02.829,34.8455673713788,-117.868394307866,3868.54988492207,116.643474570078,270.143763683884,4.91416810954435,9,1,ae0943
2019-09-11 16:58:03.079,34.8455680967483,-117.868713594785,3869.77973081254,116.603387525015,270.173282580539,4.92454434910567,9,1,ae0943
2019-09-11 16:58:03.329,34.8455689545367,-117.869032768195,3871.01212976408,116.560952887,270.201804877613,4.93459259811813,9,1,ae0943
2019-09-11 16:58:03.579,34.8455699400767,-117.869351821607,3872.24699977905,116.516169661021,270.229331076269,4.94431285658173,9,1,ae0943
2019-09-11 16:58:03.829,34.8455710487005,-117.86967074854,3873.48425885982,116.469036888099,270.255861757705,4.95370512449646,9,1,ae0943
2019-09-11 16:58:04.079,34.8455722757411,-117.869989542514,3874.72382500875,116.419553645465,270.281397582996,4.96276940186232,9,1,ae0943
2019-09-11 16:58:04.329,34.8455736165332,-117.870308197058,3875.96561622821,116.367719046727,270.305939292935,4.97150568867932,9,1,ae0943
2019-09-11 16:58:04.579,34.8455750664141,-117.870626705703,3877.20955052055,116.313532241993,270.32948770787,4.97991398494745,9,1,ae0943
2019-09-11 16:58:04.829,34.8455766207246,-117.870945061986,3878.45554588813,116.256992417984,270.352043727547,4.98799429066671,9,1,ae0943
2019-09-11 16:58:05.079,34.8455782748096,-117.87126325945,3879.70352033333,116.198098798115,270.373608330944,4.99574660583711,9,1,ae0943
2019-09-11 16:58:05.329,34.8455800240196,-117.871581291639,3880.95339185851,116.136850642551,270.394182576107,5.00317093045864,9,1,ae0943
2019-09-11 16:58:05.579,34.8455818637111,-117.871899152105,3882.20507846602,116.073247248247,270.41376759999,5.01026726453131,9,1,ae0943
2019-09-11 16:58:05.829,34.8455837892478,-117.8722168344,3883.45849815823,116.007287948947,270.432364618285,5.0170356080551,9,1,ae0943
2019-09-11 16:58:06.079,34.8455857960013,-117.872534332082,3884.7135689375,115.93897211518,270.44997492526,5.02347596103004,9,1,ae0943
2019-09-11 16:58:06.329,34.8455878793519,-117.872851638712,3885.9702088062,115.868299154213,270.466599893589,5.0295883234561,9,1,ae0943
2019-09-11 16:58:06.579,34.84559003469,-117.873168747855,3887.22833576668,115.79526850999,270.482240974188,5.0353726953333,9,1,ae0943
2019-09-11 16:58:06.829,34.8455922574162,-117.873485653077,3888.48786782132,115.719879663049,270.496899696042,5.04082907666164,9,1,ae0943
2019-09-11 16:58:07.079,34.845594542943,-117.873802347949,3889.74872297247,115.642132130407,270.51057766604,5.0459574674411,9,1,ae0943
2019-09-11 16:58:07.329,34.845596886695,-117.874118826044,3891.01081922249,115.562025465428,270.523276568801,5.0507578676717,9,1,ae0943
2019-09-11 16:58:07.579,34.8455992841103,-117.874435080937,3892.27407457376,115.479559257668,270.534998166506,5.05523027735344,9,1,ae0943
2019-09-11 16:58:07.829,34.8456017306409,-117.874751106205,3893.53840702862,115.394733132695,270.545744298725,5.05937469648631,9,1,ae0943
2019-09-11 16:58:08.079,34.845604221754,-117.875066895428,3894.80373458945,115.307546751886,270.555516882243,5.06319112507031,9,1,ae0943
2019-09-11 16:58:08.329,34.8456067529326,-117.875382442187,3896.06997525861,115.2179998122,270.564317910887,5.06667956310544,9,1,ae0943
2019-09-11 16:58:08.579,34.8456093196763,-117.875697740065,3897.33704703846,115.126092045938,270.572149455352,5.06984001059171,9,1,ae0943
2019-09-11 16:58:08.829,34.8456119175026,-117.876012782647,3898.60486793136,115.031823220466,270.579013663023,5.07267246752911,9,1,ae0943
2019-09-11 16:58:09.079,34.845614541947,-117.876327563518,3899.87335593968,114.935193137933,270.584912757802,5.07517693391765,9,1,ae0943
2019-09-11 16:58:09.329,34.8456171885647,-117.876642076265,3901.14242906578,114.836201634951,270.589849039926,5.07735340975732,9,1,ae0943
2019-09-11 16:58:09.579,34.8456198529307,-117.876956314476,3902.41200531201,114.734848582268,270.593824885791,5.07920189504813,9,1,ae0943
2019-09-11 16:58:09.829,34.8456225306412,-117.877270271739,3903.68200268075,114.63113388441,270.596842747771,5.08072238979006,9,1,ae0943
2019-09-11 16:58:10.079,34.845625217314,-117.877583941642,3904.95233917436,114.52505747931,270.598905154038,5.08191489398313,9,1,ae0943
2019-09-11 16:58:10.329,34.8456279085896,-117.877897317774,3906.2229327952,114.416619337911,270.600014708378,5.08277940762734,9,1,ae0943
2019-09-11 16:58:10.579,34.8456306001321,-117.878210393725,3907.49370154563,114.30581946375,270.600174090008,5.08331593072268,9,1,ae0943
2019-09-11 16:58:10.829,34.8456332876296,-117.878523163083,3908.76456342802,114.192657892527,270.599386053392,5.08352446326915,9,1,ae0943
2019-09-11 16:58:11.079,34.8456359667955,-117.878835619437,3910.03543644472,114.077134691651,270.597653428054,5.08340500526675,9,1,ae0943
2019-09-11 16:58:11.329,34.845638633369,-117.879147756375,3911.3062385981,113.959249959761,270.594979118393,5.08295755671549,9,1,ae0943
2019-09-11 16:58:11.579,34.845641283116,-117.879459567485,3912.57688789053,113.839003826245,270.591366103488,5.08218211761537,9,1,ae0943
2019-09-11 16:58:11.829,34.8456439118299,-117.879771046353,3913.84730232437,113.71639645072,270.586817436915,5.08107868796637,9,1,ae0943
2019-09-11 16:58:12.079,34.8456465153325,-117.880082186567,3915.11739990197,113.59142802251,270.58133624655,5.07964726776851,9,1,ae0943
2019-09-11 16:58:12.329,34.8456490894744,-117.880392981709,3916.3870986257,113.4640987601,270.574925734376,5.07788785702179,9,1,ae0943
2019-09-11 16:58:12.579,34.8456516301365,-117.880703425363,3917.65631649793,113.334408910573,270.56758917629,5.0758004557262,9,1,ae0943
2019-09-11 16:58:12.829,34.8456541332299,-117.881013511112,3918.92497152102,113.202358749029,270.559329921904,5.07338506388174,9,1,ae0943
2019-09-11 16:58:13.079,34.8456565946975,-117.881323232536,3920.19298169733,113.067948577989,270.550151394345,5.07064168148841,9,1,ae0943
2019-09-11 16:58:13.329,34.845659010514,-117.881632583213,3921.46026502922,112.931178726786,270.540057090058,5.06757030854622,9,1,ae0943
2019-09-11 16:58:13.579,34.8456613766872,-117.88194155672,3922.72673951906,112.792049550934,270.5290505786,5.06417094505516,9,1,ae0943
2019-09-11 16:58:13.829,34.8456636892588,-117.882250146632,3923.9923231692,112.650561431486,270.517135502434,5.06044359101524,9,1,ae0943
2019-09-11 16:58:14.079,34.8456659443047,-117.88255834652,3925.25693398202,112.506714774375,270.504315576728,5.05638824642645,9,1,ae0943
2019-09-11 16:58:14.329,34.8456681379359,-117.882866149955,3926.52048995987,112.360510009743,270.490594589139,5.05200491128879,9,1,ae0943
2019-09-11 16:58:14.579,34.8456702662996,-117.883173550505,3927.78290910512,112.211947591252,270.475976399606,5.04729358560227,9,1,ae0943
2019-09-11 16:58:14.829,34.8456723255794,-117.883480541734,3929.04410942012,112.061027995385,270.460464940134,5.04225426936688,9,1,ae0943
2019-09-11 16:58:15.079,34.8456743119963,-117.883787117204,3930.30400890725,111.907751720735,270.444064214581,5.03688696258263,9,1,ae0943
2019-09-11 16:58:15.329,34.8456762218096,-117.884093270475,3931.56252556887,111.75211928727,270.426778298434,5.03119166524951,9,1,ae0943
2019-09-11 16:58:15.579,34.8456780513171,-117.884398995103,3932.81957740733,111.594131235606,270.408611338592,5.02516837736752,9,1,ae0943
2019-09-11 16:58:15.829,34.8456797968562,-117.884704284642,3934.07508242501,111.433788126247,270.389567553142,5.01881709893666,9,1,ae0943
2019-09-11 16:58:16.079,34.8456814548046,-117.88500913264,3935.32895862426,111.271090538825,270.369651231129,5.01213782995694,9,1,ae0943
2019-09-11 16:58:16.329,34.8456830215805,-117.885313532646,3936.58112400744,111.106039071332,270.348866732329,5.00513057042835,9,1,ae0943
2019-09-11 16:58:16.579,34.8456844936441,-117.885617478202,3937.83149657692,110.938634339328,270.327218487017,4.9977953203509,9,1,ae0943
2019-09-11 16:58:16.829,34.8456858674976,-117.885920962848,3939.07999433507,110.768876975155,270.304710995727,4.99013207972458,9,1,ae0943
2019-09-11 16:58:17.079,34.845687139686,-117.88622398012,3940.32653528424,110.596767627126,270.28134882902,4.98214084854939,9,1,ae0943
2019-09-11 16:58:17.329,34.845688306798,-117.886526523551,3941.5710374268,110.422306958722,270.257136627235,4.97382162682534,9,1,ae0943
2019-09-11 16:58:17.579,34.8456893654664,-117.886828586669,3942.81341876511,110.24549564776,270.232079100249,4.96517441455242,9,1,ae0943
2019-09-11 16:58:17.829,34.8456903123688,-117.887130162999,3944.05359730153,110.066334385575,270.206181027225,4.95619921173064,9,1,ae0943
2019-09-11 16:58:18.079,34.8456911442284,-117.887431246062,3945.29149103843,109.884823876172,270.179447256361,4.94689601835999,9,1,ae0943
2019-09-11 16:58:18.329,34.8456918578144,-117.887731829375,3946.52701797816,109.70096483539,270.151882704636,4.93726483444047,9,1,ae0943
2019-09-11 16:58:18.579,34.8456924499427,-117.888031906451,3947.7600961231,109.514757990051,270.123492357545,4.92730565997208,9,1,ae0943
2019-09-11 16:58:18.829,34.8456929174765,-117.888331470798,3948.9906434756,109.326204077096,270.094281268841,4.91701849495484,9,1,ae0943
2019-09-11 16:58:19.079,34.8456932573271,-117.888630515921,3950.21857803803,109.13530384273,270.064254560267,4.90640333938872,9,1,ae0943
2019-09-11 16:58:19.329,34.845693466454,-117.88892903532,3951.44381781275,108.942058041553,270.033417421283,4.89546019327373,9,1,ae0943
2019-09-11 16:58:19.579,34.845693541866,-117.889227022491,3952.66628080212,108.746467435683,270.001775108789,4.88418905660988,9,1,ae0943
2019-09-11 16:58:19.829,34.8456934806216,-117.889524470926,3953.88588500851,108.548532793886,269.96933294685,4.87258992939717,9,1,ae0943
2019-09-11 16:58:20.079,34.8456932798294,-117.889821374111,3955.10254843428,108.348254890692,269.936096326412,4.86066281163559,9,1,ae0943
2019-09-11 16:58:20.329,34.845692936649,-117.890117725531,3956.31618908178,108.145634505513,269.902070705009,4.84840770332514,9,1,ae0943
2019-09-11 16:58:20.579,34.8456924482911,-117.890413518664,3957.52672495339,107.940672421758,269.867261606475,4.83582460446583,9,1,ae0943
2019-09-11 16:58:20.829,34.8456918120186,-117.890708746982,3958.73407405147,107.733369425944,269.831674620645,4.82291351505764,9,1,ae0943
2019-09-11 16:58:21.079,34.8456910251464,-117.891003403957,3959.93815437838,107.52372630681,269.795315403055,4.8096744351006,9,1,ae0943
2019-09-11 16:58:21.329,34.8456900850428,-117.891297483054,3961.13888393648,107.311743854422,269.758189674635,4.79610736459468,9,1,ae0943
2019-09-11 16:58:21.579,34.8456889891293,-117.891590977732,3962.33618072813,107.097422859288,269.720303221394,4.7822123035399,9,1,ae0943
2019-09-11 16:58:21.829,34.8456877348813,-117.891883881448,3963.5299627557,106.880764111464,269.68166189411,4.76798925193626,9,1,ae0943
2019-09-11 16:58:22.079,34.8456863198289,-117.892176187655,3964.72014802155,106.661768399668,269.642271608007,4.75343820978374,9,1,ae0943
2019-09-11 16:58:22.329,34.845684741557,-117.892467889799,3965.90665452805,106.440436510386,269.602138342424,4.73855917708236,9,1,ae0943
2019-09-11 16:58:22.579,34.8456829977059,-117.892758981323,3967.08940027755,106.216769226991,269.56126814049,4.72335215383212,9,1,ae0943
2019-09-11 16:58:22.829,34.8456810859718,-117.893049455665,3968.26830327242,105.990767328855,269.519667108786,4.70781714003301,9,1,ae0943
2019-09-11 16:58:23.079,34.8456790041073,-117.89333930626,3969.44328151502,105.762431590469,269.477341416999,4.69195413568503,9,1,ae0943
2019-09-11 16:58:23.329,34.8456767499217,-117.893628526538,3970.61425300771,105.531762780565,269.434297297578,4.67576314078819,9,1,ae0943
2019-09-11 16:58:23.579,34.8456743212817,-117.893917109923,3971.78113575287,105.298761661239,269.390541045383,4.65924415534248,9,1,ae0943
2019-09-11 16:58:23.829,34.8456717161114,-117.894205049837,3972.94384775284,105.063428987085,269.346079017321,4.6423971793479,9,1,ae0943
2019-09-11 16:58:24.079,34.8456689323931,-117.894492339697,3974.10230700999,104.825765504327,269.300917631987,4.62522221280446,9,1,ae0943
2019-09-11 16:58:24.329,34.8456659681676,-117.894778972915,3975.25643152669,104.585771949962,269.255063369292,4.60771925571215,9,1,ae0943
2019-09-11 16:58:24.579,34.8456628215346,-117.895064942899,3976.4061393053,104.343449050904,269.208522770086,4.58988830807097,9,1,ae0943
2019-09-11 16:58:24.829,34.8456594906528,-117.895350243054,3977.55134834818,104.098797523137,269.161302435779,4.57172936988093,9,1,ae0943
2019-09-11 16:58:25.079,34.8456559737409,-117.895634866781,3978.6919766577,103.85181807088,269.113409027952,4.55324244114202,9,1,ae0943
2019-09-11 16:58:25.329,34.8456522690773,-117.895918807476,3979.82794223621,103.602511385749,269.064849267965,4.53442752185424,9,1,ae0943
2019-09-11 16:58:25.579,34.8456483750009,-117.89620205853,3980.95916308608,103.350878145936,269.015629936553,4.5152846120176,9,1,ae0943
2019-09-11 16:58:25.829,34.8456442899111,-117.896484613334,3982.08555720967,103.096919015393,268.965757873427,4.49581371163209,9,1,ae0943
2019-09-11 16:58:26.079,34.8456400122687,-117.896766465272,3983.20704260935,102.840634643026,268.915239976856,4.47601482069772,9,1,ae0943
2019-09-11 16:58:26.329,34.8456355405954,-117.897047607725,3984.32353728748,102.582025661902,268.864083203252,4.45588793921448,9,1,ae0943
2019-09-11 16:58:26.579,34.8456308734749,-117.89732803407,3985.43495924641,102.321092688454,268.812294566744,4.43543306718237,9,1,ae0943
2019-09-11 16:58:26.829,34.8456260095525,-117.897607737683,3986.54122648852,102.057836321718,268.759881138746,4.4146502046014,9,1,ae0943
2019-09-11 16:58:27.079,34.8456209475361,-117.897886711935,3987.64225701617,101.792257142558,268.706850047524,4.39353935147156,9,1,ae0943
2019-09-11 16:58:27.329,34.8456156861959,-117.898164950192,3988.73796883171,101.524355712919,268.653208477746,4.37210050779286,9,1,ae0943
2019-09-11 16:58:27.579,34.8456102243649,-117.89844244582,3989.82827993752,101.254132575089,268.598963670035,4.35033367356529,9,1,ae0943
2019-09-11 16:58:27.829,34.8456045609392,-117.898719192179,3990.91310833595,100.981588250967,268.544122920512,4.32823884878885,9,1,ae0943
2019-09-11 16:58:28.079,34.8455986948781,-117.89899518263,3991.99237202937,100.706723241351,268.48869358033,4.30581603346354,9,1,ae0943
2019-09-11 16:58:28.329,34.8455926252043,-117.899270410526,3993.06598902013,100.429538025239,268.432683055207,4.28306522758937,9,1,ae0943
2019-09-11 16:58:28.579,34.8455863510046,-117.899544869222,3994.13387731062,100.150033059143,268.376098804944,4.25998643116633,9,1,ae0943
2019-09-11 16:58:28.829,34.8455798714293,-117.899818552068,3995.19595490317,99.8682087764143,268.318948342946,4.23657964419443,9,1,ae0943
2019-09-11 16:58:29.079,34.8455731856931,-117.900091452413,3996.25213980017,99.5840655865926,268.261239235729,4.21284486667366,9,1,ae0943
2019-09-11 16:58:29.329,34.8455662930748,-117.900363563601,3997.30235000396,99.2976038747619,268.20297910242,4.18878209860403,9,1,ae0943
2019-09-11 16:58:29.579,34.845559192918,-117.900634878977,3998.34650351692,99.0088240009275,268.144175614261,4.16439133998552,9,1,ae0943
2019-09-11 16:58:29.829,34.8455518846305,-117.900905391882,3999.38451834141,98.7177262994077,268.084836494085,4.13967259081815,9,1,ae0943
2019-09-11 16:58:30.079,34.8455443676853,-117.901175095657,4000.41631247979,98.4243110782434,268.024969515812,4.11462585110192,9,1,ae0943
2019-09-11 16:58:30.329,34.84553664162,-117.901443983639,4001.44180393442,98.1285786186244,267.964582503911,4.08925112083682,9,1,ae0943
2019-09-11 16:58:30.579,34.8455287060375,-117.901712049165,4002.46091070766,97.8305291743337,267.903683332878,4.06354840002285,9,1,ae0943
2019-09-11 16:58:30.829,34.8455205606057,-117.901979285571,4003.47355080188,97.53016297121,267.842279926694,4.03751768866002,9,1,ae0943
2019-09-11 16:58:31.079,34.8455122050579,-117.902245686189,4004.47964221944,97.2274802066292,267.780380258276,4.01115898674832,9,1,ae0943
2019-09-11 16:58:31.329,34.8455036391925,-117.902511244353,4005.47910296271,96.9224810490045,267.717992348928,3.98447229428775,9,1,ae0943
2019-09-11 16:58:31.579,34.8454948628735,-117.902775953395,4006.47185103404,96.615165637306,267.655124267783,3.95745761127831,9,1,ae0943
2019-09-11 16:58:31.829,34.8454858760304,-117.903039806646,4007.4578044358,96.3055340806004,267.591784131231,3.93011493772002,9,1,ae0943
2019-09-11 16:58:32.079,34.8454766786581,-117.903302797436,4008.43688117036,95.9935864576103,267.527980102351,3.90244427361285,9,1,ae0943
2019-09-11 16:58:32.329,34.8454672708172,-117.903564919096,4009.40899924006,95.6793228162947,267.463720390327,3.87444561895682,9,1,ae0943
2019-09-11 16:58:32.579,34.8454576526338,-117.903826164955,4010.37407664729,95.3627431734498,267.399013249863,3.84611897375192,9,1,ae0943
2019-09-11 16:58:32.829,34.8454478242997,-117.904086528344,4011.33203139439,95.0438475143313,267.33386698059,3.81746433799816,9,1,ae0943
2019-09-11 16:58:33.079,34.845437786072,-117.904346002592,4012.28278148374,94.7226357922982,267.268289926459,3.78848171169552,9,1,ae0943
2019-09-11 16:58:33.329,34.8454275382739,-117.904604581029,4013.2262449177,94.3991079284782,267.202290475143,3.75917109484403,9,1,ae0943
2019-09-11 16:58:33.579,34.8454170812936,-117.904862256987,4014.16233969862,94.073263811456,267.135877057413,3.72953248744366,9,1,ae0943
2019-09-11 16:58:33.829,34.8454064155852,-117.905119023796,4015.09098382887,93.7451032969825,267.069058146523,3.69956588949443,9,1,ae0943
2019-09-11 16:58:34.079,34.8453955416682,-117.905374874788,4016.01209531082,93.4146262077088,267.001842257579,3.66927130099634,9,1,ae0943
2019-09-11 16:58:34.329,34.8453844601274,-117.905629803297,4016.92559214682,93.0818323329412,266.934237946904,3.63864872194937,9,1,ae0943
2019-09-11 16:58:34.579,34.845373171613,-117.905883802658,4017.83139233925,92.7467214284206,266.8662538114,3.60769815235355,9,1,ae0943
2019-09-11 16:58:34.829,34.8453616768403,-117.906136866205,4018.72941389046,92.4092932161252,266.797898487896,3.57641959220885,9,1,ae0943
2019-09-11 16:58:35.079,34.84534997659,-117.906388987276,4019.61957480281,92.0695473840968,266.729180652494,3.54481304151529,9,1,ae0943
2019-09-11 16:58:35.329,34.8453380717075,-117.906640159211,4020.50179307867,91.7274835862904,266.660109019911,3.51287850027286,9,1,ae0943
2019-09-11 16:58:35.579,34.8453259631032,-117.906890375351,4021.3759867204,91.3831014424491,266.590692342807,3.48061596848157,9,1,ae0943
2019-09-11 16:58:35.829,34.8453136517525,-117.907139629038,4022.24207373036,91.0364005380025,266.520939411114,3.44802544614141,9,1,ae0943
2019-09-11 16:58:36.079,34.8453011386949,-117.907387913619,4023.09997211092,90.6873804239896,266.450859051355,3.41510693325238,9,1,ae0943
2019-09-11 16:58:36.329,34.8452884250346,-117.907635222442,4023.94959986444,90.3360406170067,266.380460125956,3.38186042981449,9,1,ae0943
2019-09-11 16:58:36.579,34.84527551194,-117.907881548857,4024.79087499328,89.9823805991796,266.309751532556,3.34828593582773,9,1,ae0943
2019-09-11 16:58:36.829,34.8452624006435,-117.908126886218,4025.62371549981,89.6263998181611,266.238742203302,3.3143834512921,9,1,ae0943
2019-09-11 16:58:37.079,34.8452490924414,-117.908371227883,4026.44803938639,89.2680976871534,266.167441104153,3.28015297620761,9,1,ae0943
2019-09-11 16:58:37.329,34.8452355886936,-117.908614567211,4027.26376465537,88.9074735849555,266.095857234159,3.24559451057425,9,1,ae0943
2019-09-11 16:58:37.579,34.8452218908231,-117.908856897567,4028.07080930913,88.5445268560361,266.02399962475,3.21070805439203,9,1,ae0943
2019-09-11 16:58:37.829,34.8452080003164,-117.909098212318,4028.86909135002,88.179256810631,265.951877339013,3.17549360766094,9,1,ae0943
2019-09-11 16:58:38.079,34.8451939187226,-117.909338504836,4029.65852878041,87.8116627248672,265.879499470959,3.13995117038098,9,1,ae0943
2019-09-11 16:58:38.329,34.8451796476535,-117.909577768495,4030.43903960266,87.4417438409111,265.806875144793,3.10408074255215,9,1,ae0943
2019-09-11 16:58:38.579,34.8451651887832,-117.909815996676,4031.21054181914,87.0694993671425,265.734013514172,3.06788232417446,9,1,ae0943
2019-09-11 16:58:38.829,34.8451505438478,-117.910053182764,4031.97295343221,86.6949284783543,265.660923761457,3.03135591524791,9,1,ae0943
2019-09-11 16:58:39.079,34.8451357146449,-117.910289320146,4032.72619244422,86.3180303159771,265.587615096968,2.99450151577248,9,1,ae0943
2019-09-11 16:58:39.329,34.8451207030338,-117.910524402217,4033.47017685755,85.93880398833,265.514096758221,2.95731912574819,9,1,ae0943
2019-09-11 16:58:39.579,34.8451055109344,-117.910758422376,4034.20482467455,85.5572485708953,265.440378009172,2.91980874517504,9,1,ae0943
2019-09-11 16:58:39.829,34.8450901403277,-117.910991374027,4034.93005389759,85.1733631066203,265.366468139447,2.88197037405302,9,1,ae0943
2019-09-11 16:58:40.079,34.8450745932546,-117.911223250578,4035.64578252903,84.7871466062426,265.292376463569,2.84380401238213,9,1,ae0943
2019-09-11 16:58:40.329,34.8450588718161,-117.911454045446,4036.35192857123,84.3985980486419,265.218112320186,2.80530966016237,9,1,ae0943
2019-09-11 16:58:40.579,34.8450429781729,-117.911683752051,4037.04841002656,84.0077163812156,265.143685071286,2.76648731739376,9,1,ae0943
2019-09-11 16:58:40.829,34.8450269145444,-117.91191236382,4037.73514489738,83.6145005202805,265.069104101412,2.72733698407627,9,1,ae0943
2019-09-11 16:58:41.079,34.8450106832091,-117.912139874186,4038.41205118606,83.2189493514985,264.99437881687,2.68785866020991,9,1,ae0943
2019-09-11 16:58:41.329,34.8449942865035,-117.912366276588,4039.07904689494,82.821061730327,264.919518644936,2.64805234579469,9,1,ae0943
2019-09-11 16:58:41.579,34.844977726822,-117.912591564471,4039.73605002641,82.4208364824939,264.844533033054,2.60791804083061,9,1,ae0943
2019-09-11 16:58:41.829,34.8449610066165,-117.912815731288,4040.38297858281,82.0182724044972,264.769431448033,2.56745574531766,9,1,ae0943
2019-09-11 16:58:42.079,34.8449441283956,-117.913038770498,4041.01975056652,81.6133682641278,264.69422337524,2.52666545925584,9,1,ae0943
2019-09-11 16:58:42.329,34.8449270947244,-117.913260675568,4041.6462839799,81.206122801017,264.618918317785,2.48554718264515,9,1,ae0943
2019-09-11 16:58:42.579,34.8449099082239,-117.913481439969,4042.2624968253,80.7965347272074,264.543525795709,2.4441009154856,9,1,ae0943
2019-09-11 16:58:42.829,34.8448925715705,-117.913701057183,4042.86830710509,80.3846027277469,264.468055345161,2.40232665777718,9,1,ae0943
2019-09-11 16:58:43.079,34.8448750874956,-117.913919520698,4043.46363282164,79.9703254613062,264.392516517575,2.3602244095199,9,1,ae0943
2019-09-11 16:58:43.329,34.8448574587847,-117.914136824009,4044.04839197731,79.5537015608188,264.316918878845,2.31779417071375,9,1,ae0943
2019-09-11 16:58:43.579,34.8448396882773,-117.914352960619,4044.62250257445,79.1347296341439,264.241272008492,2.27503594135873,9,1,ae0943
2019-09-11 16:58:43.829,34.8448217788662,-117.91456792404,4045.18588261544,78.7134082647516,264.165585498831,2.23194972145485,9,1,ae0943
2019-09-11 16:58:44.301,34.8447875976562,-117.914970553651,4046.22,94.8075624482225,265.08853379794,2.14970874682668,9,1,ae0943
2019-09-11 16:58:44.438,34.8447689767611,-117.914943695068,4046.22,94.8209405646067,265.108983612674,2.15998833141011,9,1,ae0943
2019-09-11 16:58:44.867,34.8447418212891,-117.915587133291,4046.22,94.8628326224813,265.17301989385,2.19217768751442,9,1,ae0943
2019-09-11 16:58:44.909,34.8447224245233,-117.915573120117,4046.22,94.8669339428327,265.179289180119,2.19532909300715,9,1,ae0943
2019-09-11 16:58:45.407,34.8447224245233,-117.916145324707,4046.22,94.9155638841417,265.253625003023,2.23269575813524,9,1,ae0943
2019-09-11 16:58:45.612,34.8447418212891,-117.916147660236,4046.22,94.9355822334758,265.284225090765,2.24807761827833,9,1,ae0943
2019-09-11 16:58:45.862,34.844723617347,-117.916370276005,4046.82212515687,85.2864863975885,264.358421701261,2.56335035500585,9,1,ae0943
2019-09-11 16:58:46.112,34.8447042275292,-117.916611582056,4047.49888853668,91.6979786847114,264.456287875824,2.84518340181297,9,1,ae0943
2019-09-11 16:58:46.362,34.8446838847391,-117.916869215584,4048.24193021695,97.2408194539404,264.550963259214,3.09357675869968,9,1,ae0943
2019-09-11 16:58:46.612,34.8446628000096,-117.917140811996,4049.0428902752,101.915320861892,264.639798537067,3.30853042566599,9,1,ae0943
2019-09-11 16:58:46.862,34.8446411620956,-117.917424004968,4049.89340878895,105.721775941644,264.720436098442,3.4900444027119,9,1,ae0943
2019-09-11 16:58:47.112,34.8446191383949,-117.917716426598,4050.78512583573,108.660444217179,264.790856444359,3.6381186898374,9,1,ae0943
2019-09-11 16:58:47.362,34.8445968770588,-117.918015707625,4051.70968149305,110.73154128579,264.849416056303,3.7527532870425,9,1,ae0943
2019-09-11 16:58:47.612,34.8445745101073,-117.918319477701,4052.65871583842,111.935231937599,264.894876689102,3.8339481943272,9,1,ae0943
2019-09-11 16:58:47.862,34.844552157337,-117.918625365691,4053.62386894938,112.271626234644,264.926426060632,3.88170341169149,9,1,ae0943
2019-09-11 16:58:48.112,34.8445299307839,-117.918930999987,4054.59678090344,111.74077796571,264.943689919332,3.89601893913538,9,1,ae0943
2019-09-11 16:58:48.362,34.8445079394862,-117.919234008827,4055.56909177812,110.342685002061,264.946735478663,3.87689477665886,9,1,ae0943
2019-09-11 16:58:48.612,34.8444862942879,-117.919532020609,4056.53244165094,108.07729126684,264.93606621517,3.82433092426194,9,1,ae0943
2019-09-11 16:58:48.862,34.8444651124224,-117.919822664187,4057.47847059943,104.944490252849,264.912608033592,3.73832738194461,9,1,ae0943
2019-09-11 16:58:49.112,34.8444445216256,-117.92010356914,4058.39881870109,100.94413023272,264.877686808858,3.61888414970689,9,1,ae0943
2019-09-11 16:58:49.362,34.8444246635445,-117.920372366014,4059.28512603345,96.0760214575725,264.83299732086,3.46600122754875,9,1,ae0943
2019-09-11 16:58:49.612,34.8444056962339,-117.92062668651,4060.12903267404,90.339945697267,264.780563603654,3.27967861547022,9,1,ae0943
2019-09-11 16:58:50.043,34.8443756103516,-117.921024244659,4061.46,95.4511549780493,265.62877425245,2.879939097621,9,1,ae0943
2019-09-11 16:58:50.118,34.8443965588586,-117.921009063721,4061.46,95.4495627164307,265.641405116664,2.89327461853979,9,1,ae0943
2019-09-11 16:58:50.368,34.8443802393824,-117.921224568364,4062.18507231272,79.6909032433995,264.762280056903,2.90732638718029,9,1,ae0943
2019-09-11 16:58:50.618,34.844363874233,-117.921443541446,4062.91367444557,80.9373123129396,264.831372046445,2.9215131795299,9,1,ae0943
2019-09-11 16:58:50.868,34.8443474801583,-117.921665890351,4063.64584015446,82.1494752301843,264.901409764956,2.93583499558864,9,1,ae0943
2019-09-11 16:58:51.118,34.8443310736543,-117.921891522426,4064.38160319534,83.3273986600104,264.972358636585,2.9502918353565,9,1,ae0943
2019-09-11 16:58:51.368,34.8443146709511,-117.922120344979,4065.12099732412,84.4710893722307,265.044184197804,2.96488369883349,9,1,ae0943
2019-09-11 16:58:51.618,34.8442982880004,-117.922352265279,4065.86405629673,85.5805542222014,265.116852104606,2.97961058601959,9,1,ae0943
2019-09-11 16:58:51.868,34.8442819404623,-117.922587190555,4066.6108138691,86.6558001317753,265.190328139519,2.99447249691481,9,1,ae0943
2019-09-11 16:58:52.118,34.8442656436934,-117.922825027998,4067.36130379716,87.6968340706315,265.264578218461,3.00946943151915,9,1,ae0943
2019-09-11 16:58:52.368,34.844249412735,-117.923065684758,4068.11555983684,88.7036630380144,265.339568397405,3.02460138983262,9,1,ae0943
2019-09-11 16:58:52.618,34.8442332623021,-117.923309067944,4068.87361574405,89.6762940449117,265.415264878883,3.0398683718552,9,1,ae0943
2019-09-11 16:58:52.868,34.8442172067725,-117.923555084627,4069.63550527474,90.6147340966982,265.491634018298,3.05527037758691,9,1,ae0943
2019-09-11 16:58:53.118,34.8442012601771,-117.923803641836,4070.40126218482,91.5189901762717,265.568642330066,3.07080740702773,9,1,ae0943
2019-09-11 16:58:53.368,34.8441854361899,-117.924054646562,4071.17092023023,92.3890692277051,265.646256493579,3.08647946017768,9,1,ae0943
2019-09-11 16:58:53.618,34.8441697481189,-117.924308005756,4071.94451316689,93.2249781404376,265.724443358978,3.10228653703674,9,1,ae0943
2019-09-11 16:58:53.868,34.8441542088976,-117.92456362633,4072.72207475072,94.0267237340236,265.803169952752,3.11822863760493,9,1,ae0943
2019-09-11 16:58:54.118,34.8441388310768,-117.924821415156,4073.50363873767,94.7943127434601,265.882403483152,3.13430576188224,9,1,ae0943
2019-09-11 16:58:54.368,34.844123626817,-117.92508127907,4074.28923888364,95.5277518051078,265.962111345408,3.15051790986867,9,1,ae0943
2019-09-11 16:58:54.618,34.8441086078809,-117.925343124868,4075.07890894458,96.2270474432231,266.042261126776,3.16686508156422,9,1,ae0943
2019-09-11 16:58:54.868,34.8440937856271,-117.925606859313,4075.8726826764,96.8922060571113,266.122820611383,3.18334727696889,9,1,ae0943
2019-09-11 16:58:55.118,34.8440791710038,-117.925872389127,4076.67059383504,97.5232339089166,266.203757784887,3.19996449608268,9,1,ae0943
2019-09-11 16:58:55.368,34.8440647745428,-117.926139621001,4077.47267617642,98.120137112056,266.285040838944,3.21671673890559,9,1,ae0943
2019-09-11 16:58:55.618,34.8440506063544,-117.926408461589,4078.27896345646,98.6829216203067,266.366638175484,3.23360400543762,9,1,ae0943
2019-09-11 16:58:55.868,34.8440366761228,-117.926678817512,4079.08948943111,99.2115932175548,266.448518410787,3.25062629567877,9,1,ae0943
2019-09-11 16:58:56.118,34.8440229931013,-117.92695059536,4079.90428785628,99.7061575082088,266.530650379371,3.26778360962905,9,1,ae0943
2019-09-11 16:58:56.368,34.8440095661088,-117.927223701691,4080.7233924879,100.166619908283,266.613003137669,3.28507594728844,9,1,ae0943
2019-09-11 16:58:56.618,34.8439964035261,-117.927498043031,4081.5468370819,100.592985637154,266.695545967523,3.30250330865696,9,1,ae0943
2019-09-11 16:58:56.868,34.8439835132932,-117.927773525879,4082.3746553942,100.985259709989,266.778248379466,3.32006569373459,9,1,ae0943
2019-09-11 16:58:57.118,34.8439709029063,-117.928050056706,4083.20688118074,101.343446930843,266.8610801158,3.33776310252135,9,1,ae0943
2019-09-11 16:58:57.368,34.8439585794161,-117.928327541954,4084.04354819744,101.667551886438,266.944011153483,3.35559553501722,9,1,ae0943
2019-09-11 16:58:57.618,34.8439465494261,-117.928605888042,4084.88469020023,101.957578940595,267.027011706796,3.37356299122222,9,1,ae0943
2019-09-11 16:58:57.868,34.8439348190908,-117.928885001363,4085.73034094503,102.213532229339,267.110052229814,3.39166547113634,9,1,ae0943
2019-09-11 16:58:58.118,34.8439233941157,-117.92916478829,4086.58053418777,102.435415656658,267.193103418664,3.40990297475957,9,1,ae0943
2019-09-11 16:58:58.368,34.8439122797563,-117.929445155171,4087.43530368438,102.623232890914,267.276136213577,3.42827550209193,9,1,ae0943
2019-09-11 16:58:58.618,34.843901480818,-117.929726008335,4088.29468319079,102.776987361897,267.359121800725,3.44678305313341,9,1,ae0943
2019-09-11 16:58:58.868,34.8438910016572,-117.930007254093,4089.15870646293,102.896682258509,267.442031613855,3.46542562788401,9,1,ae0943
2019-09-11 16:58:59.118,34.8438808461812,-117.930288798739,4090.02740725671,102.982320527078,267.524837335696,3.48420322634373,9,1,ae0943
2019-09-11 16:58:59.368,34.84387101785,-117.930570548548,4090.90081932807,103.03390487028,267.607510899169,3.50311584851257,9,1,ae0943
2019-09-11 16:58:59.618,34.8438615196777,-117.930852409784,4091.77897643294,103.051437746664,267.690024488371,3.52216349439054,9,1,ae0943
2019-09-11 16:58:59.868,34.8438523542344,-117.931134288695,4092.66191232724,103.034921370769,267.772350539341,3.54134616397762,9,1,ae0943
2019-09-11 16:59:00.118,34.8438435236485,-117.931416091517,4093.54966076691,102.984357713807,267.854461740623,3.56066385727382,9,1,ae0943
2019-09-11 16:59:00.368,34.8438350296095,-117.931697724479,4094.44225550786,102.899748504916,267.936331033591,3.58011657427915,9,1,ae0943
2019-09-11 16:59:00.618,34.8438268733711,-117.931979093796,4095.33973030602,102.781095232953,268.017931612572,3.59970431499359,9,1,ae0943
2019-09-11 16:59:00.868,34.8438190557543,-117.932260105679,4096.24211891733,102.628399148817,268.099236924741,3.61942707941716,9,1,ae0943
2019-09-11 16:59:01.118,34.8438115771517,-117.93254066633,4097.14945509771,102.441661268291,268.180220669798,3.63928486754984,9,1,ae0943
2019-09-11 16:59:01.368,34.8438044375311,-117.932820681948,4098.06177260308,102.220882375373,268.26085679942,3.65927767939165,9,1,ae0943
2019-09-11 16:59:01.618,34.8437976364403,-117.933100058726,4098.97910518938,101.966063026095,268.341119516494,3.67940551494257,9,1,ae0943
2019-09-11 16:59:01.868,34.8437911730115,-117.933378702855,4099.90148661253,101.677203552793,268.420983274129,3.69966837420262,9,1,ae0943
2019-09-11 16:59:02.118,34.8437850459671,-117.933656520526,4100.82895062846,101.354304068833,268.500422774441,3.72006625717179,9,1,ae0943
2019-09-11 16:59:02.368,34.8437792536242,-117.93393341793,4101.76153099309,100.997364473753,268.579412967114,3.74059916385008,9,1,ae0943
2019-09-11 16:59:02.618,34.8437737939013,-117.934209301256,4102.69926146236,100.606384458811,268.657929047738,3.76126709423749,9,1,ae0943
2019-09-11 16:59:02.868,34.8437686643236,-117.934484076699,4103.64217579218,100.181363512928,268.735946455926,3.78207004833402,9,1,ae0943
2019-09-11 16:59:03.118,34.8437638620298,-117.934757650455,4104.5903077385,99.7223009289907,268.813440873194,3.80300802613967,9,1,ae0943
2019-09-11 16:59:03.368,34.8437593837786,-117.935029928726,4105.54369105723,99.2291958105014,268.890388220631,3.82408102765444,9,1,ae0943
2019-09-11 16:59:03.618,34.8437552259559,-117.935300817719,4106.5023595043,98.7020470785632,268.966764656328,3.84528905287833,9,1,ae0943
2019-09-11 16:59:03.868,34.8437513845815,-117.935570223646,4107.46634683564,98.1408534791675,269.04254657259,3.86663210181134,9,1,ae0943
2019-09-11 16:59:04.118,34.8437478553172,-117.93583805273,4108.43568680718,97.5456135907709,269.117710592921,3.88811017445348,9,1,ae0943
2019-09-11 16:59:04.368,34.8437446334745,-117.936104211199,4109.41041317485,96.9163258321419,269.192233568776,3.90972327080473,9,1,ae0943
2019-09-11 16:59:04.618,34.8437417140222,-117.936368605292,4110.39055969456,96.2529884704545,269.266092576094,3.93147139086511,9,1,ae0943
2019-09-11 16:59:04.868,34.8437390915954,-117.936631141259,4111.37616012225,95.5555996296107,269.339264911596,3.9533545346346,9,1,ae0943
2019-09-11 16:59:05.118,34.8437367605037,-117.936891725359,4112.36724821385,94.8241572987719,269.411728088865,3.97537270211322,9,1,ae0943
2019-09-11 16:59:05.368,34.8437347147403,-117.937150263864,4113.36385772529,94.0586593410778,269.483459834188,3.99752589330095,9,1,ae0943
2019-09-11 16:59:05.618,34.8437329479909,-117.937406663057,4114.36602241248,93.2591035025358,269.554438082183,4.01981410819781,9,1,ae0943
2019-09-11 16:59:05.868,34.8437314536432,-117.937660829236,4115.37377603136,92.4254874210582,269.624640971188,4.04223734680379,9,1,ae0943
2019-09-11 16:59:06.118,34.8437302247965,-117.937912668712,4116.38715233786,91.5578086356311,269.694046838432,4.06479560911889,9,1,ae0943
2019-09-11 16:59:06.368,34.8437292542717,-117.938162087809,4117.4061850879,90.6560645955926,269.76263421497,4.0874888951431,9,1,ae0943
2019-09-11 16:59:06.618,34.8437285346209,-117.938408992867,4118.43090803741,89.7202526700038,269.830381820399,4.11031720487644,9,1,ae0943
2019-09-11 16:59:06.868,34.8437280581385,-117.93865329024,4119.46135494231,88.7503701570921,269.897268557347,4.1332805383189,9,1,ae0943
2019-09-11 16:59:07.118,34.843727816871,-117.938894886298,4120.49755955854,87.7464142937494,269.963273505727,4.15637889547048,9,1,ae0943
2019-09-11 16:59:07.368,34.8437278026282,-117.939133687427,4121.53955564202,86.7083822650661,270.028375916776,4.17961227633119,9,1,ae0943
2019-09-11 16:59:07.618,34.8437280069944,-117.939369600028,4122.58737694868,85.6362712138831,270.092555206863,4.20298068090101,9,1,ae0943
2019-09-11 16:59:07.868,34.843728421339,-117.93960253052,4123.64105723445,84.5300782503439,270.155790951067,4.22648410917995,9,1,ae0943
2019-09-11 16:59:08.118,34.8437290368286,-117.939832385336,4124.70063025525,83.3898004614291,270.218062876541,4.25012256116801,9,1,ae0943
2019-09-11 16:59:08.368,34.8437298444382,-117.940059070928,4125.76612976701,82.2154349204565,270.279350855636,4.2738960368652,9,1,ae0943
2019-09-11 16:59:08.618,34.8437308349633,-117.940282493763,4126.83758952566,81.0069786965288,270.339634898816,4.2978045362715,9,1,ae0943
2019-09-11 16:59:08.868,34.8437319990321,-117.940502560324,4127.91504328712,79.764428863913,270.398895147336,4.32184805938693,9,1,ae0943
2019-09-11 16:59:09.357,34.8437347412109,-117.940922951212,4130.04,94.1479487585453,270.420022822489,4.36926753982301,9,1,ae0943
2019-09-11 16:59:09.455,34.8437448275291,-117.940921783447,4130.04,94.1481316021197,270.460751233462,4.3410712920354,9,1,ae0943
2019-09-11 16:59:09.705,34.8437467774557,-117.941141933593,4131.10946079387,83.4703970503451,270.674991129667,4.21655115832775,9,1,ae0943
2019-09-11 16:59:09.955,34.8437492637576,-117.9413780109,4132.14924362888,88.8765277613474,270.79512373538,4.10364762116308,9,1,ae0943
2019-09-11 16:59:10.205,34.8437523328294,-117.94162774537,4133.16225265416,93.4541799233678,270.920314639444,4.0023606805414,9,1,ae0943
2019-09-11 16:59:10.455,34.8437560170644,-117.941888866945,4134.15139201886,97.2033564272956,271.049134207447,3.91269033646271,9,1,ae0943
2019-09-11 16:59:10.705,34.8437603331774,-117.942159105593,4135.1195658721,100.124045159915,271.180212826563,3.834636588927,9,1,ae0943
2019-09-11 16:59:10.955,34.8437652810623,-117.942436191392,4136.06967836303,102.216218117318,271.312248203076,3.76819943793428,9,1,ae0943
2019-09-11 16:59:11.205,34.8437708431502,-117.942717854621,4137.00463364078,103.479831521476,271.444011051416,3.71337888348454,9,1,ae0943
2019-09-11 16:59:11.455,34.8437769842341,-117.943001825846,4137.92733585449,103.914826887774,271.574349172021,3.67017492557779,9,1,ae0943
2019-09-11 16:59:11.705,34.8437836517184,-117.943285836004,4138.84068915328,103.521132936552,271.702189916098,3.63858756421403,9,1,ae0943
2019-09-11 16:59:11.955,34.8437907762497,-117.94356761646,4139.74759768631,102.298668202414,271.826541036166,3.61861679939325,9,1,ae0943
2019-09-11 16:59:12.205,34.8437982726836,-117.943844899065,4140.65096560269,100.247344171469,271.946489922094,3.61026263111546,9,1,ae0943
2019-09-11 16:59:12.455,34.8438060413418,-117.94411541618,4141.55369705158,97.3670687678941,272.061201223114,3.61352505938066,9,1,ae0943
2019-09-11 16:59:12.705,34.843813969517,-117.944376900687,4142.4586961821,93.6577500158817,272.169912856876,3.62840408418884,9,1,ae0943
2019-09-11 16:59:12.955,34.843821933182,-117.944627085983,4143.36886714338,89.1192997190109,272.271930407084,3.65489970554001,9,1,ae0943
2019-09-11 16:59:13.205,34.8438297988698,-117.944863705942,4144.28711408458,83.751637023987,272.366619911506,3.69301192343416,9,1,ae0943
2019-09-11 16:59:13.472,34.8438379320048,-117.945098876953,4145.28,93.9596246361419,272.018535243654,3.7465441191067,9,1,ae0943
2019-09-11 16:59:13.552,34.8438262939453,-117.9451269033,4145.28,93.9413946006636,272.056324090159,3.73363612903226,9,1,ae0943
2019-09-11 16:59:16.422,34.8439775887182,-117.948188781738,4152.9,93.7673898369284,273.075318904486,3.83812782036392,9,1,ae0943
2019-09-11 16:59:16.910,34.8440093994141,-117.948714275749,4160.52,93.7791162990248,273.193834616803,3.80741574912892,9,1,ae0943
2019-09-11 16:59:17.397,34.844024140956,-117.94921875,4160.52,93.7908187314858,273.312107469054,3.77676661246612,9,1,ae0943
2019-09-11 16:59:17.547,34.8440093994141,-117.94921875,4160.52,93.7944231768023,273.348536478987,3.76732642663569,9,1,ae0943
2019-09-11 16:59:17.836,34.8440706931939,-117.949619293213,4160.52,93.8013677414455,273.418723038126,3.74913833526907,9,1,ae0943
2019-09-11 16:59:17.912,34.8440551757812,-117.949611118862,4160.52,93.8031939937392,273.437180403159,3.74435530778165,9,1,ae0943
2019-09-11 16:59:21.432,34.8442569021451,-117.953281402588,4175.76,93.9033758328619,274.371345588357,3.57632,9,1,ae0943
2019-09-11 16:59:21.521,34.84423828125,-117.953254544005,4175.76,93.9071476227578,274.401263075353,3.57632,9,1,ae0943
2019-09-11 16:59:22.333,34.8443298339844,-117.954207439812,4175.76,93.9415599080999,274.674218125243,3.57632,9,1,ae0943
2019-09-11 16:59:24.466,34.8445129394531,-117.956449547592,4183.38,93.4534014612542,274.879435983128,3.2512,9,1,ae0943
2019-09-11 16:59:24.610,34.844536215572,-117.956428527832,4183.38,93.4600900371602,274.927321087242,3.2512,9,1,ae0943
2019-09-11 16:59:24.903,34.8445129394531,-117.956841916454,4183.38,93.473699431191,275.024753972698,3.2512,9,1,ae0943
2019-09-11 16:59:25.073,34.844536215572,-117.956829071045,4183.38,93.4774617551381,275.051689343762,3.2512,9,1,ae0943
2019-09-11 16:59:26.388,34.8446502685547,-117.958299286512,4191,93.4774617551381,275.051689343762,3.2512,9,1,ae0943
2019-09-11 16:59:27.998,34.8447689767611,-117.960033416748,4191,94.0363668870781,275.336320097391,3.2512,9,1,ae0943
2019-09-11 16:59:28.195,34.8447875976562,-117.960036920042,4191,94.0363668870781,275.336320097391,3.2512,9,1,ae0943
2019-09-11 16:59:28.461,34.8447875976562,-117.960541394292,4198.62,94.0363668870781,275.336320097391,3.2512,9,1,ae0943
2019-09-11 16:59:28.645,34.8447689767611,-117.960548400879,4198.62,94.0363668870781,275.336320097391,3.2512,9,1,ae0943
2019-09-11 16:59:29.034,34.8448620812368,-117.96106338501,4198.62,94.0363668870781,275.336320097391,3.2512,9,1,ae0943
2019-09-11 16:59:29.078,34.8448791503906,-117.961045868543,4198.62,94.0363668870781,275.336320097391,3.2512,9,1,ae0943
2019-09-11 16:59:30.074,34.8449086334746,-117.962093353271,4198.62,94.0031727785185,275.653239444245,3.2512,9,1,ae0943
2019-09-11 16:59:30.944,34.8450164794922,-117.963007712851,4206.24,93.7185840422834,275.670473973386,3.2512,9,1,ae0943
2019-09-11 16:59:30.966,34.8450017379502,-117.963008880615,4206.24,93.711387545505,275.670909789065,3.2512,9,1,ae0943
2019-09-11 16:59:31.304,34.8450164794922,-117.963400081712,4206.24,93.6008231859102,275.677605502685,3.2512,9,1,ae0943
2019-09-11 16:59:31.443,34.8450017379502,-117.963409423828,4206.24,93.5736727662464,275.679249716385,3.2512,9,1,ae0943
2019-09-11 16:59:32.215,34.8450948424258,-117.964324951172,4206.24,93.5736727662464,275.679249716385,3.2512,9,1,ae0943
2019-09-11 16:59:32.370,34.8451080322266,-117.964352977519,4206.24,93.5736727662464,275.679249716385,3.27145267064281,9,1,ae0943
2019-09-11 16:59:34.676,34.8453369140625,-117.966875348772,4213.86,93.5944620719735,275.803757532748,3.57632,9,1,ae0943
2019-09-11 16:59:34.873,34.8453276036149,-117.966899871826,4213.86,93.6076733404517,275.882880241856,3.57632,9,1,ae0943
2019-09-11 16:59:36.138,34.8454284667969,-117.968276666135,4221.48,93.6259813419469,275.992527447879,3.42547603603604,9,1,ae0943
2019-09-11 16:59:36.268,34.8454207080906,-117.968273162842,4221.48,93.6259813419469,275.992527447879,3.38739891891892,9,1,ae0943
2019-09-11 16:59:37.213,34.845560364804,-117.969417572021,4221.48,93.6259813419469,275.992527447879,3.2512,9,1,ae0943
2019-09-11 16:59:37.325,34.8455657958984,-117.969397720025,4221.48,93.627728991106,276.002451724863,3.2512,9,1,ae0943
2019-09-11 16:59:37.646,34.8456069170418,-117.969818115234,4221.48,93.6391778764136,276.067465865921,3.2512,9,1,ae0943
2019-09-11 16:59:37.721,34.8456115722656,-117.969790088887,4221.48,93.6418528496164,276.082656085794,3.2512,9,1,ae0943
2019-09-11 16:59:38.661,34.8457000215175,-117.970848083496,4229.1,93.6753791804238,276.273040174873,3.2512,9,1,ae0943
2019-09-11 16:59:38.769,34.845703125,-117.970855090083,4229.1,93.6792311418357,276.29491409149,3.2512,9,1,ae0943
2019-09-11 16:59:39.168,34.845703125,-117.971359564333,4229.1,93.6810857899229,276.305445977269,3.1510965039929,9,1,ae0943
2019-09-11 16:59:39.373,34.8457000215175,-117.971363067627,4229.1,93.6810857899229,276.305445977269,3.09195755102041,9,1,ae0943
2019-09-11 16:59:39.641,34.8457931259931,-117.971878051758,4229.1,93.6810857899229,276.305445977269,3.01464418811003,9,1,ae0943
2019-09-11 16:59:39.749,34.8457946777344,-117.971864038584,4229.1,93.6810857899229,276.305445977269,2.98348805678793,9,1,ae0943
2019-09-11 16:59:40.816,34.8458862304688,-117.973079681396,4236.72,93.6810857899229,276.305445977269,2.92608,9,1,ae0943
2019-09-11 16:59:40.928,34.8458862304688,-117.973097197863,4236.72,93.6810857899229,276.305445977269,2.92608,9,1,ae0943
2019-09-11 16:59:41.320,34.8459320068359,-117.973601672114,4236.72,93.6810857899229,276.305445977269,2.92608,9,1,ae0943
2019-09-11 16:59:41.412,34.8459327827066,-117.973594665527,4236.72,93.6817207020856,276.306268546746,2.92608,9,1,ae0943
2019-09-11 16:59:41.900,34.8459777832031,-117.974218251754,4236.72,93.7098877143963,276.342760719908,2.92608,9,1,ae0943
2019-09-11 16:59:42.056,34.8459793349444,-117.974224090576,4236.72,93.7188919232497,276.354426250673,2.92608,9,1,ae0943
2019-09-11 16:59:42.397,34.8460258871822,-117.974739074707,4236.72,93.7385742002946,276.379925904461,2.92608,9,1,ae0943
2019-09-11 16:59:42.428,34.8460235595703,-117.974722726005,4236.72,93.7403634982078,276.382244054805,2.92608,9,1,ae0943
2019-09-11 16:59:44.488,34.8462524414062,-117.976852728396,4244.34,93.8592652305026,276.536288884137,2.92608,9,1,ae0943
2019-09-11 16:59:44.652,34.8462586483713,-117.976856231689,4244.34,93.8687311936562,276.548552647249,2.92608,9,1,ae0943
2019-09-11 16:59:44.954,34.8462982177734,-117.977245097258,4244.34,93.8861624184878,276.571135918345,2.92608,9,1,ae0943
2019-09-11 16:59:45.092,34.8463052006091,-117.977256774902,4244.34,93.8941276801658,276.58145542633,2.92608,9,1,ae0943
2019-09-11 16:59:49.066,34.8466776185116,-117.981433868408,4251.96,94.1235041287774,276.878627344663,2.92608,9,1,ae0943
2019-09-11 16:59:50.517,34.8468475341797,-117.983018524793,4259.58,94.2072548149715,276.987131736585,2.92608,9,1,ae0943
2019-09-11 16:59:50.653,34.8468638274629,-117.98303604126,4259.58,94.2151046380744,276.997301686483,2.92608,9,1,ae0943
2019-09-11 16:59:51.605,34.8469569319386,-117.98412322998,4259.58,94.2700533997952,277.068491335767,2.92608,9,1,ae0943
2019-09-11 16:59:51.726,34.8469390869141,-117.984139578683,4259.58,94.2770374335853,277.077539600014,2.92608,9,1,ae0943
2019-09-11 16:59:52.111,34.8470306396484,-117.984644052934,4259.58,94.2992593592812,277.106329531709,2.92608,9,1,ae0943
2019-09-11 16:59:52.189,34.8470500364142,-117.984638214111,4259.58,94.3037614637079,277.112162297092,2.92608,9,1,ae0943
2019-09-11 16:59:52.439,34.8470764627897,-117.984853219822,4260.31648201702,81.1362836959913,278.393198158363,2.96531349880368,9,1,ae0943
2019-09-11 16:59:52.689,34.847103210602,-117.985077478615,4261.06242543072,84.376873029012,278.147851028503,3.00177117343843,9,1,ae0943
2019-09-11 16:59:52.939,34.8471301621447,-117.985310321363,4261.81713628506,87.3697592763165,277.911520602402,3.03545302390425,9,1,ae0943
2019-09-11 16:59:53.189,34.8471572189803,-117.985551076681,4262.57992062399,90.1153248909721,277.686870261942,3.06635905020113,9,1,ae0943
2019-09-11 16:59:53.439,34.8471843021108,-117.985799071107,4263.35008449148,92.6139179977365,277.476409609345,3.09448925232909,9,1,ae0943
2019-09-11 16:59:53.689,34.8472113517461,-117.986053629312,4264.12693393148,94.8658487091866,277.282476176115,3.11984363028811,9,1,ae0943
2019-09-11 16:59:53.939,34.8472383266891,-117.986314074322,4264.90977498794,96.8713875978665,277.107218723751,3.1424221840782,9,1,ae0943
2019-09-11 16:59:54.189,34.8472652033579,-117.986579727745,4265.69791370483,98.6307659959293,276.952582165465,3.16222491369936,9,1,ae0943
2019-09-11 16:59:54.439,34.8472919744718,-117.986849909992,4266.49065612611,100.144177725066,276.820294129058,3.17925181915158,9,1,ae0943
2019-09-11 16:59:54.689,34.8473186474324,-117.987123940479,4267.28730829573,101.411781817411,276.71185317275,3.19350290043488,9,1,ae0943
2019-09-11 16:59:54.939,34.8473452424318,-117.987401137817,4268.08717625765,102.433705773079,276.628518658682,3.20497815754924,9,1,ae0943
2019-09-11 16:59:55.189,34.8473717903271,-117.987680819979,4268.88956605582,103.210048911356,276.571302283519,3.21367759049468,9,1,ae0943
2019-09-11 16:59:55.439,34.8473983303179,-117.987962304453,4269.69378373421,103.740885408576,276.540961262227,3.21960119927118,9,1,ae0943
2019-09-11 16:59:55.689,34.8474249074698,-117.988244908372,4270.49913533678,104.026266673656,276.537993159792,3.22274898387874,9,1,ae0943
2019-09-11 16:59:55.939,34.8474515701267,-117.988527948641,4271.30492690747,104.066222788726,276.562632366149,3.22312094431738,9,1,ae0943
2019-09-11 16:59:56.189,34.8474783672554,-117.988810742053,4272.11046449026,103.860762833028,276.614848211553,3.22071708058709,9,1,ae0943
2019-09-11 16:59:56.439,34.8475053457673,-117.989092605407,4272.91505412909,103.409874008853,276.694344722636,3.21553739268786,9,1,ae0943
2019-09-11 16:59:56.689,34.8475325478637,-117.989372855641,4273.71800186792,102.713519593691,276.800562022759,3.2075818806197,9,1,ae0943
2019-09-11 16:59:56.939,34.8475600084475,-117.989650809969,4274.51861375072,101.771635848008,276.932679383461,3.19685054438261,9,1,ae0943
2019-09-11 16:59:57.189,34.8475877526477,-117.989925786046,4275.31619582143,100.584128107952,277.089619936151,3.18334338397659,9,1,ae0943
2019-09-11 16:59:57.439,34.8476157934993,-117.990197102158,4276.11005412402,99.1508663819289,277.270057054139,3.16706039940164,9,1,ae0943
2019-09-11 16:59:57.689,34.8476441298201,-117.990464077429,4276.89949470245,97.4716808445824,277.472422414211,3.14800159065775,9,1,ae0943
2019-09-11 16:59:57.939,34.8476727443255,-117.990726032063,4277.68382360067,95.5463576771051,277.694915743901,3.12616695774493,9,1,ae0943
2019-09-11 16:59:58.189,34.8477016020176,-117.990982287602,4278.46234686264,93.3746357352994,277.935516255328,3.10155650066319,9,1,ae0943
2019-09-11 16:59:58.439,34.8477306488853,-117.991232167207,4279.23437053232,90.9562045336069,278.191995759024,3.07417021941251,9,1,ae0943
2019-09-11 16:59:58.689,34.8477598109441,-117.991474995938,4279.99920065367,88.2907040125935,278.461933441859,3.04400811399289,9,1,ae0943
2019-09-11 16:59:58.939,34.8477889936454,-117.991710101034,4280.75614327064,85.3777265083903,278.742732282649,3.01107018440435,9,1,ae0943
2019-09-11 16:59:59.189,34.8478180816773,-117.991936812182,4281.50450442719,82.2168212658992,279.031637067859,2.97535643064688,9,1,ae0943
2019-09-11 16:59:59.506,34.8478546142578,-117.992211166693,4282.44,94.488079376038,277.741118399731,2.92608,9,1,ae0943
